id	name	role	department	salary
1	Employee_1	Designer	Design	51000
2	Employee_2	Developer	Engineering	52000
3	Employee_3	Designer	Design	53000
4	Employee_4	Developer	Engineering	54000
5	Employee_5	Designer	Design	55000
6	Employee_6	Developer	Engineering	56000
7	Employee_7	Designer	Design	57000
8	Employee_8	Developer	Engineering	58000
9	Employee_9	Designer	Design	59000
10	Employee_10	Developer	Engineering	60000
11	Employee_11	Designer	Design	61000
12	Employee_12	Developer	Engineering	62000
13	Employee_13	Designer	Design	63000
14	Employee_14	Developer	Engineering	64000
15	Employee_15	Designer	Design	65000
16	Employee_16	Developer	Engineering	66000
17	Employee_17	Designer	Design	67000
18	Employee_18	Developer	Engineering	68000
19	Employee_19	Designer	Design	69000
20	Employee_20	Developer	Engineering	70000
21	Employee_21	Designer	Design	71000
22	Employee_22	Developer	Engineering	72000
23	Employee_23	Designer	Design	73000
24	Employee_24	Developer	Engineering	74000
25	Employee_25	Designer	Design	75000
26	Employee_26	Developer	Engineering	76000
27	Employee_27	Designer	Design	77000
28	Employee_28	Developer	Engineering	78000
29	Employee_29	Designer	Design	79000
30	Employee_30	Developer	Engineering	80000
31	Employee_31	Designer	Design	81000
32	Employee_32	Developer	Engineering	82000
33	Employee_33	Designer	Design	83000
34	Employee_34	Developer	Engineering	84000
35	Employee_35	Designer	Design	85000
36	Employee_36	Developer	Engineering	86000
37	Employee_37	Designer	Design	87000
38	Employee_38	Developer	Engineering	88000
39	Employee_39	Designer	Design	89000
40	Employee_40	Developer	Engineering	90000
41	Employee_41	Designer	Design	91000
42	Employee_42	Developer	Engineering	92000
43	Employee_43	Designer	Design	93000
44	Employee_44	Developer	Engineering	94000
45	Employee_45	Designer	Design	95000
46	Employee_46	Developer	Engineering	96000
47	Employee_47	Designer	Design	97000
48	Employee_48	Developer	Engineering	98000
49	Employee_49	Designer	Design	99000
50	Employee_50	Developer	Engineering	100000
51	Employee_51	Designer	Design	101000
52	Employee_52	Developer	Engineering	102000
53	Employee_53	Designer	Design	103000
54	Employee_54	Developer	Engineering	104000
55	Employee_55	Designer	Design	105000
56	Employee_56	Developer	Engineering	106000
57	Employee_57	Designer	Design	107000
58	Employee_58	Developer	Engineering	108000
59	Employee_59	Designer	Design	109000
60	Employee_60	Developer	Engineering	110000
61	Employee_61	Designer	Design	111000
62	Employee_62	Developer	Engineering	112000
63	Employee_63	Designer	Design	113000
64	Employee_64	Developer	Engineering	114000
65	Employee_65	Designer	Design	115000
66	Employee_66	Developer	Engineering	116000
67	Employee_67	Designer	Design	117000
68	Employee_68	Developer	Engineering	118000
69	Employee_69	Designer	Design	119000
70	Employee_70	Developer	Engineering	120000
71	Employee_71	Designer	Design	121000
72	Employee_72	Developer	Engineering	122000
73	Employee_73	Designer	Design	123000
74	Employee_74	Developer	Engineering	124000
75	Employee_75	Designer	Design	125000
76	Employee_76	Developer	Engineering	126000
77	Employee_77	Designer	Design	127000
78	Employee_78	Developer	Engineering	128000
79	Employee_79	Designer	Design	129000
80	Employee_80	Developer	Engineering	130000
81	Employee_81	Designer	Design	131000
82	Employee_82	Developer	Engineering	132000
83	Employee_83	Designer	Design	133000
84	Employee_84	Developer	Engineering	134000
85	Employee_85	Designer	Design	135000
86	Employee_86	Developer	Engineering	136000
87	Employee_87	Designer	Design	137000
88	Employee_88	Developer	Engineering	138000
89	Employee_89	Designer	Design	139000
90	Employee_90	Developer	Engineering	140000
91	Employee_91	Designer	Design	141000
92	Employee_92	Developer	Engineering	142000
93	Employee_93	Designer	Design	143000
94	Employee_94	Developer	Engineering	144000
95	Employee_95	Designer	Design	145000
96	Employee_96	Developer	Engineering	146000
97	Employee_97	Designer	Design	147000
98	Employee_98	Developer	Engineering	148000
99	Employee_99	Designer	Design	149000
100	Employee_100	Developer	Engineering	150000
